criterion_root,rel_case_dir,group,workload,transport,has_payload_word,payload_size_bytes,impl,param,mean_ns,lower_ns,upper_ns,throughput_kind,throughput_value,ops_per_s,bytes_per_s,gib_per_s,ns_per_op
target/criterion,"prio101 payload DGRAM bytes_s (real bytes, 64 B), 20P_1C/Impl3_Skiplist/64","prio101 payload DGRAM bytes_s (real bytes, 64 B), 20P_1C",prio101,DGRAM,True,64,Impl3_Skiplist,64,364907760.575,359855157.105625,369873246.40625,Bytes,32000000.0,,87693393.94036537,0.08167083742131048,
target/criterion,"prio101 payload DGRAM bytes_s (real bytes, 64 B), 20P_1C/Impl4_BitmapScanner/64","prio101 payload DGRAM bytes_s (real bytes, 64 B), 20P_1C",prio101,DGRAM,True,64,Impl4_BitmapScanner,64,118629201.26666668,116670724.83770835,120634545.98645835,Bytes,32000000.0,,269748086.1231391,0.2512224820657997,
target/criterion,"prio101 payload STREAM bytes_s (real bytes, 512 B), 20P_1C/Impl3_Skiplist/512","prio101 payload STREAM bytes_s (real bytes, 512 B), 20P_1C",prio101,STREAM,True,512,Impl3_Skiplist,512,97980928.54522756,96942915.35788973,99011913.68446158,Bytes,67108864.0,,684917616.0748757,0.6378792376023491,
target/criterion,"prio101 payload STREAM bytes_s (real bytes, 512 B), 20P_1C/Impl4_BitmapScanner/512","prio101 payload STREAM bytes_s (real bytes, 512 B), 20P_1C",prio101,STREAM,True,512,Impl4_BitmapScanner,512,32943968.92109223,32329282.75268033,33517119.780773968,Bytes,67108864.0,,2037060688.1259482,1.8971606047134364,
target/criterion,"dual_priority bytes_s STREAM (1 item == 64 B), 20P_1C/Impl1_MutexBinaryHeap/64","dual_priority bytes_s STREAM (1 item == 64 B), 20P_1C",dual_priority,STREAM,False,64,Impl1_MutexBinaryHeap,64,69052806.91875,68248249.16875,69803217.2875,Bytes,12800000.0,,185365382.9751039,0.17263496571695797,
target/criterion,"dual_priority bytes_s STREAM (1 item == 64 B), 20P_1C/Impl2_DualSegQueue/64","dual_priority bytes_s STREAM (1 item == 64 B), 20P_1C",dual_priority,STREAM,False,64,Impl2_DualSegQueue,64,16556914.27727164,16431344.198321972,16669503.745362088,Bytes,12800000.0,,773090914.5051919,0.7199970209088101,
target/criterion,"dual_priority ops_s (HIGH_LOW), 20P_1C/Impl1_MutexBinaryHeap/200000","dual_priority ops_s (HIGH_LOW), 20P_1C",dual_priority,,False,,Impl1_MutexBinaryHeap,200000,68127831.19375,67141152.46390624,69137573.4125,Elements,200000.0,2935657.8140762523,,,340.63915596874995
target/criterion,"dual_priority ops_s (HIGH_LOW), 20P_1C/Impl2_DualSegQueue/200000","dual_priority ops_s (HIGH_LOW), 20P_1C",dual_priority,,False,,Impl2_DualSegQueue,200000,16549778.038348326,16435731.57590265,16662167.258965282,Elements,200000.0,12084754.22066507,,,82.74889019174164
target/criterion,"dual_priority payload DGRAM (real bytes, 512 B), 20P_1C/Impl1_MutexBinaryHeap/512","dual_priority payload DGRAM (real bytes, 512 B), 20P_1C",dual_priority,DGRAM,True,512,Impl1_MutexBinaryHeap,512,130252573.04,128707220.68000004,132074704.445,Bytes,67108864.0,,515221023.53702563,0.47983697013652477,
target/criterion,"dual_priority payload DGRAM (real bytes, 512 B), 20P_1C/Impl2_DualSegQueue/512","dual_priority payload DGRAM (real bytes, 512 B), 20P_1C",dual_priority,DGRAM,True,512,Impl2_DualSegQueue,512,16485470.786680367,16170798.377515646,16822928.434496954,Bytes,67108864.0,,4070788445.6791744,3.7912171759448707,
target/criterion,"dual_priority payload STREAM (real bytes, 1048576 B), 20P_1C/Impl1_MutexBinaryHeap/1048576","dual_priority payload STREAM (real bytes, 1048576 B), 20P_1C",dual_priority,STREAM,True,1048576,Impl1_MutexBinaryHeap,1048576,13914675.924176086,13614424.897711193,14211531.973718446,Bytes,268435456.0,,19291534884.661324,17.966641937067102,
target/criterion,"dual_priority payload STREAM (real bytes, 1048576 B), 20P_1C/Impl2_DualSegQueue/1048576","dual_priority payload STREAM (real bytes, 1048576 B), 20P_1C",dual_priority,STREAM,True,1048576,Impl2_DualSegQueue,1048576,14243172.471959272,13885078.0112517,14664415.811281752,Bytes,268435456.0,,18846605735.3776,17.55226937623471,
target/criterion,"prio101 bytes_s STREAM (1 item == 65536 B), 20P_1C/Impl3_Skiplist/65536","prio101 bytes_s STREAM (1 item == 65536 B), 20P_1C",prio101,STREAM,False,65536,Impl3_Skiplist,65536,67178085.8125,66217114.640625,68387985.58125,Bytes,13107200000.0,,195111245601.48022,181.71150759000352,
target/criterion,"prio101 bytes_s STREAM (1 item == 65536 B), 20P_1C/Impl4_BitmapScanner/65536","prio101 bytes_s STREAM (1 item == 65536 B), 20P_1C",prio101,STREAM,False,65536,Impl4_BitmapScanner,65536,7630938.469734633,7436896.7221752405,7844771.696702685,Bytes,13107200000.0,,1717639324702.3264,1599.6762781425625,
target/criterion,"prio101 payload STREAM ops_s (real bytes, 512 B), 20P_1C/Impl3_Skiplist/512","prio101 payload STREAM ops_s (real bytes, 512 B), 20P_1C",prio101,STREAM,True,512,Impl3_Skiplist,512,96810128.91445872,95566690.87566563,98066508.27067456,Elements,131072.0,1353907.9171748136,,,738.6026681095789
target/criterion,"prio101 payload STREAM ops_s (real bytes, 512 B), 20P_1C/Impl4_BitmapScanner/512","prio101 payload STREAM ops_s (real bytes, 512 B), 20P_1C",prio101,STREAM,True,512,Impl4_BitmapScanner,512,32432337.312600683,31789274.812325787,33040210.257013835,Elements,131072.0,4041398.519528706,,,247.43909692841098
target/criterion,"prio101 payload STREAM ops_s (real bytes, 4096 B), 20P_1C/Impl3_Skiplist/4096","prio101 payload STREAM ops_s (real bytes, 4096 B), 20P_1C",prio101,STREAM,True,4096,Impl3_Skiplist,4096,14218638.836117879,14003300.571284223,14432138.338103084,Elements,16384.0,1152290.327424431,,,867.8368430247729
target/criterion,"prio101 payload STREAM ops_s (real bytes, 4096 B), 20P_1C/Impl4_BitmapScanner/4096","prio101 payload STREAM ops_s (real bytes, 4096 B), 20P_1C",prio101,STREAM,True,4096,Impl4_BitmapScanner,4096,6547311.705014922,6388263.966109308,6695166.873229421,Elements,16384.0,2502401.098064516,,,399.61619293303966
target/criterion,"dual_priority payload DGRAM bytes_s (real bytes, 64 B), 20P_1C/Impl1_MutexBinaryHeap/64","dual_priority payload DGRAM bytes_s (real bytes, 64 B), 20P_1C",dual_priority,DGRAM,True,64,Impl1_MutexBinaryHeap,64,478103527.15,467212917.14937496,489608590.685,Bytes,32000000.0,,66931110.48720696,0.06233445414081864,
target/criterion,"dual_priority payload DGRAM bytes_s (real bytes, 64 B), 20P_1C/Impl2_DualSegQueue/64","dual_priority payload DGRAM bytes_s (real bytes, 64 B), 20P_1C",dual_priority,DGRAM,True,64,Impl2_DualSegQueue,64,59573494.23011235,58642853.87792221,60520531.89469187,Bytes,32000000.0,,537151637.8810142,0.5002614463502674,
target/criterion,"dual_priority bytes_s DGRAM (1 item == 60000 B), 20P_1C/Impl1_MutexBinaryHeap/60000","dual_priority bytes_s DGRAM (1 item == 60000 B), 20P_1C",dual_priority,DGRAM,False,60000,Impl1_MutexBinaryHeap,60000,68417070.525,67467814.4125,69332453.4309375,Bytes,12000000000.0,,175394823366.70828,163.34915847210985,
target/criterion,"dual_priority bytes_s DGRAM (1 item == 60000 B), 20P_1C/Impl2_DualSegQueue/60000","dual_priority bytes_s DGRAM (1 item == 60000 B), 20P_1C",dual_priority,DGRAM,False,60000,Impl2_DualSegQueue,60000,16525198.596894648,16381438.406344173,16658820.457098028,Bytes,12000000000.0,,726163738949.2549,676.2926829506223,
target/criterion,"prio101 bytes_s STREAM (1 item == 4096 B), 20P_1C/Impl3_Skiplist/4096","prio101 bytes_s STREAM (1 item == 4096 B), 20P_1C",prio101,STREAM,False,4096,Impl3_Skiplist,4096,67090380.16875,66067104.42609375,68628555.91,Bytes,819200000.0,,12210394365.622849,11.371815917662204,
target/criterion,"prio101 bytes_s STREAM (1 item == 4096 B), 20P_1C/Impl4_BitmapScanner/4096","prio101 bytes_s STREAM (1 item == 4096 B), 20P_1C",prio101,STREAM,False,4096,Impl4_BitmapScanner,4096,7552173.234892925,7373068.108413988,7747278.087469941,Bytes,819200000.0,,108472088036.20811,101.02250430379819,
target/criterion,"dual_priority payload STREAM bytes_s (real bytes, 16384 B), 20P_/Impl1_MutexBinaryHeap/16384","dual_priority payload STREAM bytes_s (real bytes, 16384 B), 20P_",dual_priority,STREAM,True,16384,Impl1_MutexBinaryHeap,16384,4511259.814138087,4395262.722059611,4625275.667064531,Bytes,67108864.0,,14875858798.840137,13.854223116152117,
target/criterion,"dual_priority payload STREAM bytes_s (real bytes, 16384 B), 20P_/Impl2_DualSegQueue/16384","dual_priority payload STREAM bytes_s (real bytes, 16384 B), 20P_",dual_priority,STREAM,True,16384,Impl2_DualSegQueue,16384,3080499.1353190197,2986707.546322994,3162936.2341790153,Bytes,67108864.0,,21785061787.73854,20.288919832313937,
target/criterion,"prio101 bytes_s DGRAM (1 item == 16384 B), 20P_1C/Impl3_Skiplist/16384","prio101 bytes_s DGRAM (1 item == 16384 B), 20P_1C",prio101,DGRAM,False,16384,Impl3_Skiplist,16384,66672456.425,65680332.09859375,68107044.15578124,Bytes,3276800000.0,,49147731697.66259,45.772392021177886,
target/criterion,"prio101 bytes_s DGRAM (1 item == 16384 B), 20P_1C/Impl4_BitmapScanner/16384","prio101 bytes_s DGRAM (1 item == 16384 B), 20P_1C",prio101,DGRAM,False,16384,Impl4_BitmapScanner,16384,7505801.910631614,7310824.461578071,7712759.792476134,Bytes,3276800000.0,,436568942135.0925,406.58651118641023,
target/criterion,"prio101 bytes_s STREAM (1 item == 1048576 B), 20P_1C/Impl3_Skiplist/1048576","prio101 bytes_s STREAM (1 item == 1048576 B), 20P_1C",prio101,STREAM,False,1048576,Impl3_Skiplist,1048576,67329407.25,66361122.60625,68677807.2103125,Bytes,209715200000.0,,3114763794389.412,2900.8498363098242,
target/criterion,"prio101 bytes_s STREAM (1 item == 1048576 B), 20P_1C/Impl4_BitmapScanner/1048576","prio101 bytes_s STREAM (1 item == 1048576 B), 20P_1C",prio101,STREAM,False,1048576,Impl4_BitmapScanner,1048576,8094111.948110007,7924227.312054485,8256859.661653431,Bytes,209715200000.0,,25909599637915.68,24130.1950420399,
target/criterion,"dual_priority bytes_s DGRAM (1 item == 1472 B), 20P_1C/Impl1_MutexBinaryHeap/1472","dual_priority bytes_s DGRAM (1 item == 1472 B), 20P_1C",dual_priority,DGRAM,False,1472,Impl1_MutexBinaryHeap,1472,64363158.66875,63482143.031093754,65337586.033125,Bytes,294400000.0,,4574045247.144449,4.259911595978261,
target/criterion,"dual_priority bytes_s DGRAM (1 item == 1472 B), 20P_1C/Impl2_DualSegQueue/1472","dual_priority bytes_s DGRAM (1 item == 1472 B), 20P_1C",dual_priority,DGRAM,False,1472,Impl2_DualSegQueue,1472,16576990.15532053,16479925.527913315,16669997.327608613,Bytes,294400000.0,,17759556906.385067,16.539876262084643,
target/criterion,"dual_priority payload DGRAM bytes_s (real bytes, 60000 B), 20P_1/Impl1_MutexBinaryHeap/60000","dual_priority payload DGRAM bytes_s (real bytes, 60000 B), 20P_1",dual_priority,DGRAM,True,60000,Impl1_MutexBinaryHeap,60000,2795083.255593701,2745520.5982616353,2845925.3881707718,Bytes,67080000.0,,23999285125.319675,22.351076011843677,
target/criterion,"dual_priority payload DGRAM bytes_s (real bytes, 60000 B), 20P_1/Impl2_DualSegQueue/60000","dual_priority payload DGRAM bytes_s (real bytes, 60000 B), 20P_1",dual_priority,DGRAM,True,60000,Impl2_DualSegQueue,60000,2542722.388076753,2476109.340386514,2606969.034027787,Bytes,67080000.0,,26381173310.36579,24.569382248787015,
target/criterion,"dual_priority bytes_s DGRAM (1 item == 16384 B), 20P_1C/Impl1_MutexBinaryHeap/16384","dual_priority bytes_s DGRAM (1 item == 16384 B), 20P_1C",dual_priority,DGRAM,False,16384,Impl1_MutexBinaryHeap,16384,66071180.69375,65174980.0678125,67016910.2215625,Bytes,3276800000.0,,49594996874.484024,46.18894017719107,
target/criterion,"dual_priority bytes_s DGRAM (1 item == 16384 B), 20P_1C/Impl2_DualSegQueue/16384","dual_priority bytes_s DGRAM (1 item == 16384 B), 20P_1C",dual_priority,DGRAM,False,16384,Impl2_DualSegQueue,16384,16537886.136102522,16436303.872854523,16641997.023440475,Bytes,3276800000.0,,198138986629.41467,184.53131115940835,
target/criterion,"dual_priority payload DGRAM (real bytes, 4096 B), 20P_1C/Impl1_MutexBinaryHeap/4096","dual_priority payload DGRAM (real bytes, 4096 B), 20P_1C",dual_priority,DGRAM,True,4096,Impl1_MutexBinaryHeap,4096,16481011.804022137,16238500.276204022,16719235.961993448,Bytes,67108864.0,,4071889808.587013,3.7922429000837847,
target/criterion,"dual_priority payload DGRAM (real bytes, 4096 B), 20P_1C/Impl2_DualSegQueue/4096","dual_priority payload DGRAM (real bytes, 4096 B), 20P_1C",dual_priority,DGRAM,True,4096,Impl2_DualSegQueue,4096,4491999.066531599,4373586.115942327,4607447.868612295,Bytes,67108864.0,,14939643353.892475,13.913627112184162,
target/criterion,"prio101 bytes_s DGRAM (1 item == 32768 B), 20P_1C/Impl3_Skiplist/32768","prio101 bytes_s DGRAM (1 item == 32768 B), 20P_1C",prio101,DGRAM,False,32768,Impl3_Skiplist,32768,66707557.8375,65831550.73171875,67803921.14296876,Bytes,6553600000.0,,98243740476.37312,91.49661332031071,
target/criterion,"prio101 bytes_s DGRAM (1 item == 32768 B), 20P_1C/Impl4_BitmapScanner/32768","prio101 bytes_s DGRAM (1 item == 32768 B), 20P_1C",prio101,DGRAM,False,32768,Impl4_BitmapScanner,32768,7937865.769152741,7754897.685533439,8111423.07070263,Bytes,6553600000.0,,825612348531.7526,768.9114180689236,
target/criterion,"dual_priority payload DGRAM bytes_s (real bytes, 16384 B), 20P_1/Impl1_MutexBinaryHeap/16384","dual_priority payload DGRAM bytes_s (real bytes, 16384 B), 20P_1",dual_priority,DGRAM,True,16384,Impl1_MutexBinaryHeap,16384,4590830.986808247,4518891.486327876,4659309.05027222,Bytes,67108864.0,,14618021049.530537,13.614092999632039,
target/criterion,"dual_priority payload DGRAM bytes_s (real bytes, 16384 B), 20P_1/Impl2_DualSegQueue/16384","dual_priority payload DGRAM bytes_s (real bytes, 16384 B), 20P_1",dual_priority,DGRAM,True,16384,Impl2_DualSegQueue,16384,3049880.5908562685,2962471.599930834,3124458.806993423,Bytes,67108864.0,,22003767688.87167,20.49260557524084,
target/criterion,"dual_priority bytes_s STREAM (1 item == 4096 B), 20P_1C/Impl1_MutexBinaryHeap/4096","dual_priority bytes_s STREAM (1 item == 4096 B), 20P_1C",dual_priority,STREAM,False,4096,Impl1_MutexBinaryHeap,4096,68355501.10625,67414370.875,69202479.60015625,Bytes,819200000.0,,11984404864.893856,11.161346794007212,
target/criterion,"dual_priority bytes_s STREAM (1 item == 4096 B), 20P_1C/Impl2_DualSegQueue/4096","dual_priority bytes_s STREAM (1 item == 4096 B), 20P_1C",dual_priority,STREAM,False,4096,Impl2_DualSegQueue,4096,16580658.502301196,16476603.124069488,16682874.568164395,Bytes,819200000.0,,49406964137.54043,46.01382104450877,
target/criterion,"prio101 payload STREAM ops_s (real bytes, 64 B), 20P_1C/Impl3_Skiplist/64","prio101 payload STREAM ops_s (real bytes, 64 B), 20P_1C",prio101,STREAM,True,64,Impl3_Skiplist,64,363170664.275,356541976.49125,368806304.75,Elements,500000.0,1376763.1837724375,,,726.34132855
target/criterion,"prio101 payload STREAM ops_s (real bytes, 64 B), 20P_1C/Impl4_BitmapScanner/64","prio101 payload STREAM ops_s (real bytes, 64 B), 20P_1C",prio101,STREAM,True,64,Impl4_BitmapScanner,64,118746045.39166665,116434926.96000001,120951098.87437499,Elements,500000.0,4210666.539258822,,,237.4920907833333
target/criterion,"dual_priority (HIGH_LOW), 20P_1C/Impl1_MutexBinaryHeap/200000","dual_priority (HIGH_LOW), 20P_1C",dual_priority,,False,,Impl1_MutexBinaryHeap,200000,65076706.41,64583306.62,65562283.86,Elements,200000.0,3073296.284233387,,,325.38353205
target/criterion,"dual_priority (HIGH_LOW), 20P_1C/Impl2_DualSegQueue/200000","dual_priority (HIGH_LOW), 20P_1C",dual_priority,,False,,Impl2_DualSegQueue,200000,16602744.2175,16517005.80275,16685814.4540625,Elements,200000.0,12046201.361651497,,,83.0137210875
target/criterion,"prio101 payload STREAM bytes_s (real bytes, 64 B), 20P_1C/Impl3_Skiplist/64","prio101 payload STREAM bytes_s (real bytes, 64 B), 20P_1C",prio101,STREAM,True,64,Impl3_Skiplist,64,363692480.45,356841790.575625,370517120.371875,Bytes,32000000.0,,87986421.82650055,0.08194374090666003,
target/criterion,"prio101 payload STREAM bytes_s (real bytes, 64 B), 20P_1C/Impl4_BitmapScanner/64","prio101 payload STREAM bytes_s (real bytes, 64 B), 20P_1C",prio101,STREAM,True,64,Impl4_BitmapScanner,64,118986847.4,115706738.17099999,122148417.46774998,Bytes,32000000.0,,268937287.6014193,0.25046736709905726,
target/criterion,"dual_priority payload STREAM bytes_s (real bytes, 4194304 B), 20/Impl1_MutexBinaryHeap/4194304","dual_priority payload STREAM bytes_s (real bytes, 4194304 B), 20",dual_priority,STREAM,True,4194304,Impl1_MutexBinaryHeap,4194304,55262456.74511975,54001899.89314808,56666604.72967142,Bytes,1073741824.0,,19429860473.852757,18.09546768092807,
target/criterion,"dual_priority payload STREAM bytes_s (real bytes, 4194304 B), 20/Impl2_DualSegQueue/4194304","dual_priority payload STREAM bytes_s (real bytes, 4194304 B), 20",dual_priority,STREAM,True,4194304,Impl2_DualSegQueue,4194304,55832523.915853,54573231.93920849,57312150.81014316,Bytes,1073741824.0,,19231475647.03095,17.91070741324774,
target/criterion,"dual_priority payload STREAM ops_s (real bytes, 512 B), 20P_1C/Impl1_MutexBinaryHeap/512","dual_priority payload STREAM ops_s (real bytes, 512 B), 20P_1C",dual_priority,STREAM,True,512,Impl1_MutexBinaryHeap,512,134048670.67,129309723.94450003,138926127.20525002,Elements,131072.0,977794.1052669747,,,1022.7101949310303
target/criterion,"dual_priority payload STREAM ops_s (real bytes, 512 B), 20P_1C/Impl2_DualSegQueue/512","dual_priority payload STREAM ops_s (real bytes, 512 B), 20P_1C",dual_priority,STREAM,True,512,Impl2_DualSegQueue,512,16250755.099069621,15853641.045946391,16646075.541954901,Elements,131072.0,8065594.441670224,,,123.98342208152482
target/criterion,"dual_priority payload DGRAM ops_s (real bytes, 1472 B), 20P_1C/Impl1_MutexBinaryHeap/1472","dual_priority payload DGRAM ops_s (real bytes, 1472 B), 20P_1C",dual_priority,DGRAM,True,1472,Impl1_MutexBinaryHeap,1472,44659345.23553715,43894400.97750318,45509968.473267846,Elements,45590.0,1020838.9701988352,,,979.5864276274874
target/criterion,"dual_priority payload DGRAM ops_s (real bytes, 1472 B), 20P_1C/Impl2_DualSegQueue/1472","dual_priority payload DGRAM ops_s (real bytes, 1472 B), 20P_1C",dual_priority,DGRAM,True,1472,Impl2_DualSegQueue,1472,7574110.015690218,7364804.096099947,7768758.382931325,Elements,45590.0,6019189.040766191,,,166.1353370408032
target/criterion,"dual_priority payload STREAM (real bytes, 16384 B), 20P_1C/Impl1_MutexBinaryHeap/16384","dual_priority payload STREAM (real bytes, 16384 B), 20P_1C",dual_priority,STREAM,True,16384,Impl1_MutexBinaryHeap,16384,4707788.9415268805,4629268.093924191,4790810.556849048,Bytes,67108864.0,,14254858243.121351,13.275871279762454,
target/criterion,"dual_priority payload STREAM (real bytes, 16384 B), 20P_1C/Impl2_DualSegQueue/16384","dual_priority payload STREAM (real bytes, 16384 B), 20P_1C",dual_priority,STREAM,True,16384,Impl2_DualSegQueue,16384,3215890.8806641344,3120715.933321883,3302612.1661839476,Bytes,67108864.0,,20867892130.139973,19.43473902544004,
target/criterion,"dual_priority bytes_s STREAM (1 item == 1048576 B), 20P_1C/Impl1_MutexBinaryHeap/1048576","dual_priority bytes_s STREAM (1 item == 1048576 B), 20P_1C",dual_priority,STREAM,False,1048576,Impl1_MutexBinaryHeap,1048576,63580527.54375,63122465.53421875,64030733.165781245,Bytes,209715200000.0,,3298418684174.8706,3071.8917811055394,
target/criterion,"dual_priority bytes_s STREAM (1 item == 1048576 B), 20P_1C/Impl2_DualSegQueue/1048576","dual_priority bytes_s STREAM (1 item == 1048576 B), 20P_1C",dual_priority,STREAM,False,1048576,Impl2_DualSegQueue,1048576,16570106.628035044,16409516.43041856,16704388.192737767,Bytes,209715200000.0,,12656237205207.951,11787.039418898477,
target/criterion,"dual_priority bytes_s DGRAM (1 item == 32768 B), 20P_1C/Impl1_MutexBinaryHeap/32768","dual_priority bytes_s DGRAM (1 item == 32768 B), 20P_1C",dual_priority,DGRAM,False,32768,Impl1_MutexBinaryHeap,32768,63671222.8875,62839949.55,64555308.40546875,Bytes,6553600000.0,,102928759693.83351,95.85987748003892,
target/criterion,"dual_priority bytes_s DGRAM (1 item == 32768 B), 20P_1C/Impl2_DualSegQueue/32768","dual_priority bytes_s DGRAM (1 item == 32768 B), 20P_1C",dual_priority,DGRAM,False,32768,Impl2_DualSegQueue,32768,16601951.006034097,16507559.69185761,16696970.718546625,Bytes,6553600000.0,,394748785707.0562,367.6384554310294,
target/criterion,"dual_priority bytes_s DGRAM (1 item == 64 B), 20P_1C/Impl1_MutexBinaryHeap/64","dual_priority bytes_s DGRAM (1 item == 64 B), 20P_1C",dual_priority,DGRAM,False,64,Impl1_MutexBinaryHeap,64,67979824.29375,67333813.26953125,68583973.8815625,Bytes,12800000.0,,188291160.3991424,0.17535980828026534,
target/criterion,"dual_priority bytes_s DGRAM (1 item == 64 B), 20P_1C/Impl2_DualSegQueue/64","dual_priority bytes_s DGRAM (1 item == 64 B), 20P_1C",dual_priority,DGRAM,False,64,Impl2_DualSegQueue,64,16494695.66740505,16344023.942691378,16637003.408712035,Bytes,12800000.0,,776007042.3908402,0.72271287663918,
target/criterion,"dual_priority bytes_s STREAM (1 item == 65536 B), 20P_1C/Impl1_MutexBinaryHeap/65536","dual_priority bytes_s STREAM (1 item == 65536 B), 20P_1C",dual_priority,STREAM,False,65536,Impl1_MutexBinaryHeap,65536,68815403.8875,67852759.11046876,69727775.55843751,Bytes,13107200000.0,,190468983099.01312,177.38806372416497,
target/criterion,"dual_priority bytes_s STREAM (1 item == 65536 B), 20P_1C/Impl2_DualSegQueue/65536","dual_priority bytes_s STREAM (1 item == 65536 B), 20P_1C",dual_priority,STREAM,False,65536,Impl2_DualSegQueue,65536,16600349.350575048,16473638.95369339,16713085.310539434,Bytes,13107200000.0,,789573744696.2799,735.3478527593239,
target/criterion,"dual_priority payload STREAM ops_s (real bytes, 4194304 B), 20P_/Impl1_MutexBinaryHeap/4194304","dual_priority payload STREAM ops_s (real bytes, 4194304 B), 20P_",dual_priority,STREAM,True,4194304,Impl1_MutexBinaryHeap,4194304,55254793.19813297,54154646.960155554,56365267.82601718,Elements,256.0,4633.082221157423,,,215839.0359302069
target/criterion,"dual_priority payload STREAM ops_s (real bytes, 4194304 B), 20P_/Impl2_DualSegQueue/4194304","dual_priority payload STREAM ops_s (real bytes, 4194304 B), 20P_",dual_priority,STREAM,True,4194304,Impl2_DualSegQueue,4194304,55079385.24955378,53878339.438917756,56583699.29277831,Elements,256.0,4647.836914666254,,,215153.84863106944
target/criterion,"prio101 payload STREAM (real bytes, 512 B), 20P_1C/Impl3_Skiplist/512","prio101 payload STREAM (real bytes, 512 B), 20P_1C",prio101,STREAM,True,512,Impl3_Skiplist,512,92855344.9785958,91349572.73447809,94447693.72224686,Bytes,67108864.0,,722724836.3082314,0.6730899552891323,
target/criterion,"prio101 payload STREAM (real bytes, 512 B), 20P_1C/Impl4_BitmapScanner/512","prio101 payload STREAM (real bytes, 512 B), 20P_1C",prio101,STREAM,True,512,Impl4_BitmapScanner,512,34250320.15841071,33183580.944418732,35385775.85028537,Bytes,67108864.0,,1959364574.9766908,1.8248004605776544,
target/criterion,"dual_priority payload DGRAM bytes_s (real bytes, 32768 B), 20P_1/Impl1_MutexBinaryHeap/32768","dual_priority payload DGRAM bytes_s (real bytes, 32768 B), 20P_1",dual_priority,DGRAM,True,32768,Impl1_MutexBinaryHeap,32768,3234097.4975786447,3136243.212247527,3338594.7564655743,Bytes,67108864.0,,20750414621.15602,19.325329569313695,
target/criterion,"dual_priority payload DGRAM bytes_s (real bytes, 32768 B), 20P_1/Impl2_DualSegQueue/32768","dual_priority payload DGRAM bytes_s (real bytes, 32768 B), 20P_1",dual_priority,DGRAM,True,32768,Impl2_DualSegQueue,32768,2625187.8416719195,2546659.66509734,2695002.355289579,Bytes,67108864.0,,25563452235.57792,23.807820152098238,
target/criterion,"prio101 bytes_s STREAM (1 item == 16384 B), 20P_1C/Impl3_Skiplist/16384","prio101 bytes_s STREAM (1 item == 16384 B), 20P_1C",prio101,STREAM,False,16384,Impl3_Skiplist,16384,67321296.05625,66450013.46484375,68525183.46906249,Bytes,3276800000.0,,48674048064.405716,45.33123976029988,
target/criterion,"prio101 bytes_s STREAM (1 item == 16384 B), 20P_1C/Impl4_BitmapScanner/16384","prio101 bytes_s STREAM (1 item == 16384 B), 20P_1C",prio101,STREAM,False,16384,Impl4_BitmapScanner,16384,7735175.068374954,7500823.579710799,7982137.247336761,Bytes,3276800000.0,,423623249769.3691,394.5298956421847,
target/criterion,"prio101 payload DGRAM ops_s (real bytes, 16384 B), 20P_1C/Impl3_Skiplist/16384","prio101 payload DGRAM ops_s (real bytes, 16384 B), 20P_1C",prio101,DGRAM,True,16384,Impl3_Skiplist,16384,5198546.710898778,5077124.763598499,5310422.27360492,Elements,4096.0,787912.5124359691,,,1269.176443090522
target/criterion,"prio101 payload DGRAM ops_s (real bytes, 16384 B), 20P_1C/Impl4_BitmapScanner/16384","prio101 payload DGRAM ops_s (real bytes, 16384 B), 20P_1C",prio101,DGRAM,True,16384,Impl4_BitmapScanner,16384,3606635.351873004,3500107.3458452877,3707696.4948712294,Elements,4096.0,1135684.5370777112,,,880.5262089533701
target/criterion,"prio101 payload DGRAM bytes_s (real bytes, 1472 B), 20P_1C/Impl3_Skiplist/1472","prio101 payload DGRAM bytes_s (real bytes, 1472 B), 20P_1C",prio101,DGRAM,True,1472,Impl3_Skiplist,1472,34588011.963973984,34058788.44032715,35103872.745495014,Bytes,67108480.0,,1940223684.145204,1.8069741168480404,
target/criterion,"prio101 payload DGRAM bytes_s (real bytes, 1472 B), 20P_1C/Impl4_BitmapScanner/1472","prio101 payload DGRAM bytes_s (real bytes, 1472 B), 20P_1C",prio101,DGRAM,True,1472,Impl4_BitmapScanner,1472,13546139.510353576,13201820.481488781,13863124.385190021,Bytes,67108480.0,,4954066798.788518,4.613834245864784,
target/criterion,"dual_priority payload STREAM ops_s (real bytes, 4096 B), 20P_1C/Impl1_MutexBinaryHeap/4096","dual_priority payload STREAM ops_s (real bytes, 4096 B), 20P_1C",dual_priority,STREAM,True,4096,Impl1_MutexBinaryHeap,4096,15642098.881062001,15137654.880241118,16208646.237070788,Elements,16384.0,1047429.7678706164,,,954.7179492835694
target/criterion,"dual_priority payload STREAM ops_s (real bytes, 4096 B), 20P_1C/Impl2_DualSegQueue/4096","dual_priority payload STREAM ops_s (real bytes, 4096 B), 20P_1C",dual_priority,STREAM,True,4096,Impl2_DualSegQueue,4096,4278254.632119593,4129243.6581785358,4410749.840749089,Elements,16384.0,3829599.0792588256,,,261.12393994870564
target/criterion,"dual_priority payload DGRAM (real bytes, 64 B), 20P_1C/Impl1_MutexBinaryHeap/64","dual_priority payload DGRAM (real bytes, 64 B), 20P_1C",dual_priority,DGRAM,True,64,Impl1_MutexBinaryHeap,64,495922371.2,490803397.234375,502122600.065,Bytes,32000000.0,,64526228.01138922,0.060094732801792415,
target/criterion,"dual_priority payload DGRAM (real bytes, 64 B), 20P_1C/Impl2_DualSegQueue/64","dual_priority payload DGRAM (real bytes, 64 B), 20P_1C",dual_priority,DGRAM,True,64,Impl2_DualSegQueue,64,57480257.874830484,56936932.17551223,58078793.12691633,Bytes,32000000.0,,556712881.6590121,0.5184792742682733,
target/criterion,"prio101 payload STREAM bytes_s (real bytes, 1472 B), 20P_1C/Impl3_Skiplist/1472","prio101 payload STREAM bytes_s (real bytes, 1472 B), 20P_1C",prio101,STREAM,True,1472,Impl3_Skiplist,1472,35792350.71901116,35266813.729893595,36263531.42298367,Bytes,67108480.0,,1874939160.2366939,1.746173165959021,
target/criterion,"prio101 payload STREAM bytes_s (real bytes, 1472 B), 20P_1C/Impl4_BitmapScanner/1472","prio101 payload STREAM bytes_s (real bytes, 1472 B), 20P_1C",prio101,STREAM,True,1472,Impl4_BitmapScanner,1472,13714126.449292716,13399839.328908548,14033856.882592933,Bytes,67108480.0,,4893383493.883492,4.55731851410446,
target/criterion,"dual_priority payload STREAM ops_s (real bytes, 65536 B), 20P_1C/Impl1_MutexBinaryHeap/65536","dual_priority payload STREAM ops_s (real bytes, 65536 B), 20P_1C",dual_priority,STREAM,True,65536,Impl1_MutexBinaryHeap,65536,2789073.4786340827,2719877.633937738,2864768.7041307,Elements,1024.0,367147.0141767267,,,2723.7045689785964
target/criterion,"dual_priority payload STREAM ops_s (real bytes, 65536 B), 20P_1C/Impl2_DualSegQueue/65536","dual_priority payload STREAM ops_s (real bytes, 65536 B), 20P_1C",dual_priority,STREAM,True,65536,Impl2_DualSegQueue,65536,2412210.4315977655,2345579.195200933,2482759.1005029227,Elements,1024.0,424506.9114147465,,,2355.674249607193
target/criterion,"dual_priority payload DGRAM ops_s (real bytes, 32768 B), 20P_1C/Impl1_MutexBinaryHeap/32768","dual_priority payload DGRAM ops_s (real bytes, 32768 B), 20P_1C",dual_priority,DGRAM,True,32768,Impl1_MutexBinaryHeap,32768,3361308.181023949,3291116.961137305,3437813.621197215,Elements,2048.0,609286.590132334,,,1641.2637602656
target/criterion,"dual_priority payload DGRAM ops_s (real bytes, 32768 B), 20P_1C/Impl2_DualSegQueue/32768","dual_priority payload DGRAM ops_s (real bytes, 32768 B), 20P_1C",dual_priority,DGRAM,True,32768,Impl2_DualSegQueue,32768,2714749.2694791704,2638812.916312714,2788586.513032395,Elements,2048.0,754397.4771537235,,,1325.5611667378762
target/criterion,"dual_priority payload STREAM ops_s (real bytes, 64 B), 20P_1C/Impl1_MutexBinaryHeap/64","dual_priority payload STREAM ops_s (real bytes, 64 B), 20P_1C",dual_priority,STREAM,True,64,Impl1_MutexBinaryHeap,64,482133514.7,469723751.2,493868888.04625,Elements,500000.0,1037057.132008583,,,964.2670294
target/criterion,"dual_priority payload STREAM ops_s (real bytes, 64 B), 20P_1C/Impl2_DualSegQueue/64","dual_priority payload STREAM ops_s (real bytes, 64 B), 20P_1C",dual_priority,STREAM,True,64,Impl2_DualSegQueue,64,58148144.64279455,57051599.87788241,59370820.809901126,Elements,500000.0,8598726.633008018,,,116.2962892855891
target/criterion,"prio101 bytes_s STREAM (1 item == 1472 B), 20P_1C/Impl3_Skiplist/1472","prio101 bytes_s STREAM (1 item == 1472 B), 20P_1C",prio101,STREAM,False,1472,Impl3_Skiplist,1472,66774472.91875,65848765.72625,68126881.905,Bytes,294400000.0,,4408870443.024248,4.106080572143428,
target/criterion,"prio101 bytes_s STREAM (1 item == 1472 B), 20P_1C/Impl4_BitmapScanner/1472","prio101 bytes_s STREAM (1 item == 1472 B), 20P_1C",prio101,STREAM,False,1472,Impl4_BitmapScanner,1472,7575018.212680025,7431844.399858132,7727549.646380153,Bytes,294400000.0,,38864593025.95418,36.195472838314416,
target/criterion,"dual_priority payload DGRAM ops_s (real bytes, 16384 B), 20P_1C/Impl1_MutexBinaryHeap/16384","dual_priority payload DGRAM ops_s (real bytes, 16384 B), 20P_1C",dual_priority,DGRAM,True,16384,Impl1_MutexBinaryHeap,16384,4562582.664146758,4479711.352531666,4640846.690395098,Elements,4096.0,897737.1593038277,,,1113.9117832389545
target/criterion,"dual_priority payload DGRAM ops_s (real bytes, 16384 B), 20P_1C/Impl2_DualSegQueue/16384","dual_priority payload DGRAM ops_s (real bytes, 16384 B), 20P_1C",dual_priority,DGRAM,True,16384,Impl2_DualSegQueue,16384,3082444.8613223527,3014490.7030820358,3143175.902436629,Elements,4096.0,1328815.3346700377,,,752.5500149712775
target/criterion,"dual_priority payload STREAM (real bytes, 4194304 B), 20P_1C/Impl1_MutexBinaryHeap/4194304","dual_priority payload STREAM (real bytes, 4194304 B), 20P_1C",dual_priority,STREAM,True,4194304,Impl1_MutexBinaryHeap,4194304,60278726.94087424,57304188.89607757,63877482.05549143,Bytes,1073741824.0,,17812947925.28057,16.589600523263748,
target/criterion,"dual_priority payload STREAM (real bytes, 4194304 B), 20P_1C/Impl2_DualSegQueue/4194304","dual_priority payload STREAM (real bytes, 4194304 B), 20P_1C",dual_priority,STREAM,True,4194304,Impl2_DualSegQueue,4194304,55734180.6237841,54173329.13319322,57491604.67297131,Bytes,1073741824.0,,19265409699.802593,17.942310962642164,
target/criterion,"prio101 bytes_s DGRAM (1 item == 512 B), 20P_1C/Impl3_Skiplist/512","prio101 bytes_s DGRAM (1 item == 512 B), 20P_1C",prio101,DGRAM,False,512,Impl3_Skiplist,512,66612297.96875,65876575.84375,67545114.0853125,Bytes,102400000.0,,1537253677.2119644,1.4316790524981584,
target/criterion,"prio101 bytes_s DGRAM (1 item == 512 B), 20P_1C/Impl4_BitmapScanner/512","prio101 bytes_s DGRAM (1 item == 512 B), 20P_1C",prio101,DGRAM,False,512,Impl4_BitmapScanner,512,7705717.495833243,7481994.84000925,7948201.448069547,Bytes,102400000.0,,13288833915.254658,12.376191015592457,
target/criterion,"prio101 payload STREAM bytes_s (real bytes, 16384 B), 20P_1C/Impl3_Skiplist/16384","prio101 payload STREAM bytes_s (real bytes, 16384 B), 20P_1C",prio101,STREAM,True,16384,Impl3_Skiplist,16384,5217274.116211429,5139944.034241729,5291655.194135132,Bytes,67108864.0,,12862821179.258204,11.979435737485256,
target/criterion,"prio101 payload STREAM bytes_s (real bytes, 16384 B), 20P_1C/Impl4_BitmapScanner/16384","prio101 payload STREAM bytes_s (real bytes, 16384 B), 20P_1C",prio101,STREAM,True,16384,Impl4_BitmapScanner,16384,3552335.6829834036,3457741.1552269743,3648478.2939552586,Bytes,67108864.0,,18891475915.82311,17.594057988210682,
target/criterion,"dual_priority payload STREAM bytes_s (real bytes, 512 B), 20P_1C/Impl1_MutexBinaryHeap/512","dual_priority payload STREAM bytes_s (real bytes, 512 B), 20P_1C",dual_priority,STREAM,True,512,Impl1_MutexBinaryHeap,512,125350706.2,123403008.97,127341383.90699999,Bytes,67108864.0,,535368854.5872748,0.4986011000231605,
target/criterion,"dual_priority payload STREAM bytes_s (real bytes, 512 B), 20P_1C/Impl2_DualSegQueue/512","dual_priority payload STREAM bytes_s (real bytes, 512 B), 20P_1C",dual_priority,STREAM,True,512,Impl2_DualSegQueue,512,16982860.90288136,16596841.69022678,17375456.048635993,Bytes,67108864.0,,3951564131.8486047,3.6801808810314207,
target/criterion,"prio101 payload STREAM ops_s (real bytes, 4194304 B), 20P_1C/Impl3_Skiplist/4194304","prio101 payload STREAM ops_s (real bytes, 4194304 B), 20P_1C",prio101,STREAM,True,4194304,Impl3_Skiplist,4194304,39187789.63912763,36795360.934444174,41908968.89488575,Elements,256.0,6532.647091286644,,,153077.3032778423
target/criterion,"prio101 payload STREAM ops_s (real bytes, 4194304 B), 20P_1C/Impl4_BitmapScanner/4194304","prio101 payload STREAM ops_s (real bytes, 4194304 B), 20P_1C",prio101,STREAM,True,4194304,Impl4_BitmapScanner,4194304,39245042.58431686,37354591.22457103,41537869.784684666,Elements,256.0,6523.116886674063,,,153300.94759498772
target/criterion,"dual_priority bytes_s DGRAM (1 item == 512 B), 20P_1C/Impl1_MutexBinaryHeap/512","dual_priority bytes_s DGRAM (1 item == 512 B), 20P_1C",dual_priority,DGRAM,False,512,Impl1_MutexBinaryHeap,512,66321972.35625,65393669.295468755,67260453.00046875,Bytes,102400000.0,,1543983032.5002403,1.4379462529907379,
target/criterion,"dual_priority bytes_s DGRAM (1 item == 512 B), 20P_1C/Impl2_DualSegQueue/512","dual_priority bytes_s DGRAM (1 item == 512 B), 20P_1C",dual_priority,DGRAM,False,512,Impl2_DualSegQueue,512,16573152.341625258,16473808.89575945,16665647.31469494,Bytes,102400000.0,,6178667636.018246,5.754332650469845,
target/criterion,"dual_priority payload STREAM bytes_s (real bytes, 1048576 B), 20/Impl1_MutexBinaryHeap/1048576","dual_priority payload STREAM bytes_s (real bytes, 1048576 B), 20",dual_priority,STREAM,True,1048576,Impl1_MutexBinaryHeap,1048576,13901527.933503378,13394123.140958695,14516826.057498029,Bytes,268435456.0,,19309780715.043354,17.983634690794492,
target/criterion,"dual_priority payload STREAM bytes_s (real bytes, 1048576 B), 20/Impl2_DualSegQueue/1048576","dual_priority payload STREAM bytes_s (real bytes, 1048576 B), 20",dual_priority,STREAM,True,1048576,Impl2_DualSegQueue,1048576,13926152.106714442,13553496.765609514,14422371.731206538,Bytes,268435456.0,,19275637228.648026,17.951836091138446,
target/criterion,"dual_priority payload DGRAM (real bytes, 60000 B), 20P_1C/Impl1_MutexBinaryHeap/60000","dual_priority payload DGRAM (real bytes, 60000 B), 20P_1C",dual_priority,DGRAM,True,60000,Impl1_MutexBinaryHeap,60000,2848855.4406471686,2797692.042948897,2898385.0171451103,Bytes,67080000.0,,23546298293.310936,21.92919914919039,
target/criterion,"dual_priority payload DGRAM (real bytes, 60000 B), 20P_1C/Impl2_DualSegQueue/60000","dual_priority payload DGRAM (real bytes, 60000 B), 20P_1C",dual_priority,DGRAM,True,60000,Impl2_DualSegQueue,60000,2390133.6431493293,2322641.769370503,2459287.8934438024,Bytes,67080000.0,,28065376257.209152,26.13791847341615,
target/criterion,"dual_priority payload DGRAM bytes_s (real bytes, 1472 B), 20P_1C/Impl1_MutexBinaryHeap/1472","dual_priority payload DGRAM bytes_s (real bytes, 1472 B), 20P_1C",dual_priority,DGRAM,True,1472,Impl1_MutexBinaryHeap,1472,45323334.18296337,44083410.81782074,46865045.13121615,Bytes,67108480.0,,1480660706.2290106,1.3789727410571748,
target/criterion,"dual_priority payload DGRAM bytes_s (real bytes, 1472 B), 20P_1C/Impl2_DualSegQueue/1472","dual_priority payload DGRAM bytes_s (real bytes, 1472 B), 20P_1C",dual_priority,DGRAM,True,1472,Impl2_DualSegQueue,1472,7318835.567268036,7121098.162365591,7505781.092503243,Bytes,67108480.0,,9169283745.098558,8.539560944865046,
target/criterion,"prio101 payload STREAM ops_s (real bytes, 65536 B), 20P_1C/Impl3_Skiplist/65536","prio101 payload STREAM ops_s (real bytes, 65536 B), 20P_1C",prio101,STREAM,True,65536,Impl3_Skiplist,65536,3083317.808860748,2978215.3687875713,3197657.670256713,Elements,1024.0,332109.7802689229,,,3011.0525477155743
target/criterion,"prio101 payload STREAM ops_s (real bytes, 65536 B), 20P_1C/Impl4_BitmapScanner/65536","prio101 payload STREAM ops_s (real bytes, 65536 B), 20P_1C",prio101,STREAM,True,65536,Impl4_BitmapScanner,65536,2714022.104168309,2630822.1413504984,2796169.143703969,Elements,1024.0,377299.8010691578,,,2650.412211101864
target/criterion,"prio101 payload DGRAM ops_s (real bytes, 60000 B), 20P_1C/Impl3_Skiplist/60000","prio101 payload DGRAM ops_s (real bytes, 60000 B), 20P_1C",prio101,DGRAM,True,60000,Impl3_Skiplist,60000,3225171.4753061077,3116152.22526859,3329808.707152027,Elements,1118.0,346648.2351589967,,,2884.7687614544793
target/criterion,"prio101 payload DGRAM ops_s (real bytes, 60000 B), 20P_1C/Impl4_BitmapScanner/60000","prio101 payload DGRAM ops_s (real bytes, 60000 B), 20P_1C",prio101,DGRAM,True,60000,Impl4_BitmapScanner,60000,2809703.7453328795,2691996.307018331,2913414.5682530436,Elements,1118.0,397906.7194742786,,,2513.1518294569582
target/criterion,"prio101 payload STREAM bytes_s (real bytes, 65536 B), 20P_1C/Impl3_Skiplist/65536","prio101 payload STREAM bytes_s (real bytes, 65536 B), 20P_1C",prio101,STREAM,True,65536,Impl3_Skiplist,65536,3095599.4780805553,2908727.316216028,3253485.3073988482,Bytes,67108864.0,,21678794196.46732,20.189950425613038,
target/criterion,"prio101 payload STREAM bytes_s (real bytes, 65536 B), 20P_1C/Impl4_BitmapScanner/65536","prio101 payload STREAM bytes_s (real bytes, 65536 B), 20P_1C",prio101,STREAM,True,65536,Impl4_BitmapScanner,65536,2759775.1215215093,2670710.0176763264,2837587.5246050605,Bytes,67108864.0,,24316787073.216957,22.646772743404803,
target/criterion,"dual_priority bytes_s STREAM (1 item == 512 B), 20P_1C/Impl1_MutexBinaryHeap/512","dual_priority bytes_s STREAM (1 item == 512 B), 20P_1C",dual_priority,STREAM,False,512,Impl1_MutexBinaryHeap,512,66267659.35625,65371204.2646875,67163530.2375,Bytes,102400000.0,,1545248481.608581,1.4391247943123626,
target/criterion,"dual_priority bytes_s STREAM (1 item == 512 B), 20P_1C/Impl2_DualSegQueue/512","dual_priority bytes_s STREAM (1 item == 512 B), 20P_1C",dual_priority,STREAM,False,512,Impl2_DualSegQueue,512,16604862.056106672,16495668.505718013,16714522.876669258,Bytes,102400000.0,,6166868454.19116,5.7433438060722874,
target/criterion,"dual_priority payload STREAM bytes_s (real bytes, 65536 B), 20P_/Impl1_MutexBinaryHeap/65536","dual_priority payload STREAM bytes_s (real bytes, 65536 B), 20P_",dual_priority,STREAM,True,65536,Impl1_MutexBinaryHeap,65536,2820820.358515189,2765500.089907965,2882092.7652299744,Bytes,67108864.0,,23790548659.86733,22.156675029422463,
target/criterion,"dual_priority payload STREAM bytes_s (real bytes, 65536 B), 20P_/Impl2_DualSegQueue/65536","dual_priority payload STREAM bytes_s (real bytes, 65536 B), 20P_",dual_priority,STREAM,True,65536,Impl2_DualSegQueue,65536,2508927.9190564496,2445488.4452587897,2576677.773960231,Bytes,67108864.0,,26748023922.998196,24.91103850584309,
target/criterion,"dual_priority payload STREAM (real bytes, 512 B), 20P_1C/Impl1_MutexBinaryHeap/512","dual_priority payload STREAM (real bytes, 512 B), 20P_1C",dual_priority,STREAM,True,512,Impl1_MutexBinaryHeap,512,142668667.48,138511532.82125002,146752703.69049996,Bytes,67108864.0,,470382636.814125,0.43807796837214846,
target/criterion,"dual_priority payload STREAM (real bytes, 512 B), 20P_1C/Impl2_DualSegQueue/512","dual_priority payload STREAM (real bytes, 512 B), 20P_1C",dual_priority,STREAM,True,512,Impl2_DualSegQueue,512,16253122.29250741,15915852.377644109,16620682.339646235,Bytes,67108864.0,,4128982898.931166,3.845414983975856,
target/criterion,"dual_priority payload DGRAM (real bytes, 16384 B), 20P_1C/Impl1_MutexBinaryHeap/16384","dual_priority payload DGRAM (real bytes, 16384 B), 20P_1C",dual_priority,DGRAM,True,16384,Impl1_MutexBinaryHeap,16384,4642722.120176324,4558091.856748205,4724813.814920561,Bytes,67108864.0,,14454637228.5256,13.461929958803207,
target/criterion,"dual_priority payload DGRAM (real bytes, 16384 B), 20P_1C/Impl2_DualSegQueue/16384","dual_priority payload DGRAM (real bytes, 16384 B), 20P_1C",dual_priority,DGRAM,True,16384,Impl2_DualSegQueue,16384,3107885.517420914,3010516.3420141633,3206289.0141621577,Bytes,67108864.0,,21593093961.73976,20.110135862361417,
target/criterion,"dual_priority payload STREAM ops_s (real bytes, 1048576 B), 20P_/Impl1_MutexBinaryHeap/1048576","dual_priority payload STREAM ops_s (real bytes, 1048576 B), 20P_",dual_priority,STREAM,True,1048576,Impl1_MutexBinaryHeap,1048576,13799150.446358044,13489142.31512053,14162230.411415456,Elements,256.0,18551.866725068216,,,53902.93143108611
target/criterion,"dual_priority payload STREAM ops_s (real bytes, 1048576 B), 20P_/Impl2_DualSegQueue/1048576","dual_priority payload STREAM ops_s (real bytes, 1048576 B), 20P_",dual_priority,STREAM,True,1048576,Impl2_DualSegQueue,1048576,14189842.612264737,13774209.177733732,14692968.600946534,Elements,256.0,18041.07395657306,,,55429.07270415913
target/criterion,"dual_priority payload STREAM bytes_s (real bytes, 1472 B), 20P_1/Impl1_MutexBinaryHeap/1472","dual_priority payload STREAM bytes_s (real bytes, 1472 B), 20P_1",dual_priority,STREAM,True,1472,Impl1_MutexBinaryHeap,1472,45685945.60503108,44709799.62823521,46651003.990651265,Bytes,67108480.0,,1468908635.057557,1.3680277718767124,
target/criterion,"dual_priority payload STREAM bytes_s (real bytes, 1472 B), 20P_1/Impl2_DualSegQueue/1472","dual_priority payload STREAM bytes_s (real bytes, 1472 B), 20P_1",dual_priority,STREAM,True,1472,Impl2_DualSegQueue,1472,7317369.070637308,7093267.102968756,7541110.808978708,Bytes,67108480.0,,9171121389.693026,8.541272384759994,
target/criterion,"dual_priority bytes_s STREAM (1 item == 4194304 B), 20P_1C/Impl1_MutexBinaryHeap/4194304","dual_priority bytes_s STREAM (1 item == 4194304 B), 20P_1C",dual_priority,STREAM,False,4194304,Impl1_MutexBinaryHeap,4194304,65815567.71875,64888789.16921875,66792760.964062504,Bytes,838860800000.0,,12745628869824.662,11870.291894138476,
target/criterion,"dual_priority bytes_s STREAM (1 item == 4194304 B), 20P_1C/Impl2_DualSegQueue/4194304","dual_priority bytes_s STREAM (1 item == 4194304 B), 20P_1C",dual_priority,STREAM,False,4194304,Impl2_DualSegQueue,4194304,16477833.775038604,16345158.242191881,16604359.259458128,Bytes,838860800000.0,,50908439267711.62,47412.17872846091,
target/criterion,"prio101 payload DGRAM bytes_s (real bytes, 512 B), 20P_1C/Impl3_Skiplist/512","prio101 payload DGRAM bytes_s (real bytes, 512 B), 20P_1C",prio101,DGRAM,True,512,Impl3_Skiplist,512,97107970.30354086,95752645.59357776,98385159.10687958,Bytes,67108864.0,,691074726.3095973,0.6436134933583413,
target/criterion,"prio101 payload DGRAM bytes_s (real bytes, 512 B), 20P_1C/Impl4_BitmapScanner/512","prio101 payload DGRAM bytes_s (real bytes, 512 B), 20P_1C",prio101,DGRAM,True,512,Impl4_BitmapScanner,512,32596675.20150875,32055362.26909883,33141182.10460802,Bytes,67108864.0,,2058764079.0093167,1.9173734625888212,
target/criterion,"prio101 payload DGRAM bytes_s (real bytes, 16384 B), 20P_1C/Impl3_Skiplist/16384","prio101 payload DGRAM bytes_s (real bytes, 16384 B), 20P_1C",prio101,DGRAM,True,16384,Impl3_Skiplist,16384,5196866.940265796,5074569.967059168,5324885.821258336,Bytes,67108864.0,,12913331199.618454,12.026476859691044,
target/criterion,"prio101 payload DGRAM bytes_s (real bytes, 16384 B), 20P_1C/Impl4_BitmapScanner/16384","prio101 payload DGRAM bytes_s (real bytes, 16384 B), 20P_1C",prio101,DGRAM,True,16384,Impl4_BitmapScanner,16384,3517083.7012644038,3414760.0806725137,3610947.313795386,Bytes,67108864.0,,19080826531.331665,17.770404490951137,
target/criterion,"prio101 payload STREAM bytes_s (real bytes, 1048576 B), 20P_1C/Impl3_Skiplist/1048576","prio101 payload STREAM bytes_s (real bytes, 1048576 B), 20P_1C",prio101,STREAM,True,1048576,Impl3_Skiplist,1048576,9704809.864392538,9134779.151728813,10396863.110351145,Bytes,268435456.0,,27660042777.850178,25.7604222538417,
target/criterion,"prio101 payload STREAM bytes_s (real bytes, 1048576 B), 20P_1C/Impl4_BitmapScanner/1048576","prio101 payload STREAM bytes_s (real bytes, 1048576 B), 20P_1C",prio101,STREAM,True,1048576,Impl4_BitmapScanner,1048576,9739930.234813185,9152836.700798348,10437837.710499166,Bytes,268435456.0,,27560305826.476864,25.667534979504406,
target/criterion,"dual_priority bytes_s DGRAM (1 item == 4096 B), 20P_1C/Impl1_MutexBinaryHeap/4096","dual_priority bytes_s DGRAM (1 item == 4096 B), 20P_1C",dual_priority,DGRAM,False,4096,Impl1_MutexBinaryHeap,4096,65287593.05625,64364869.62109375,66250273.925,Bytes,819200000.0,,12547560135.877575,11.685826010888047,
target/criterion,"dual_priority bytes_s DGRAM (1 item == 4096 B), 20P_1C/Impl2_DualSegQueue/4096","dual_priority bytes_s DGRAM (1 item == 4096 B), 20P_1C",dual_priority,DGRAM,False,4096,Impl2_DualSegQueue,4096,16588657.445774933,16487020.59311334,16688056.450206138,Bytes,819200000.0,,49383140418.554306,45.991633477205696,
target/criterion,"prio101 bytes_s DGRAM (1 item == 60000 B), 20P_1C/Impl3_Skiplist/60000","prio101 bytes_s DGRAM (1 item == 60000 B), 20P_1C",prio101,DGRAM,False,60000,Impl3_Skiplist,60000,67226254.95625,66338755.801875,68440573.35203125,Bytes,12000000000.0,,178501688184.31802,166.2426518130284,
target/criterion,"prio101 bytes_s DGRAM (1 item == 60000 B), 20P_1C/Impl4_BitmapScanner/60000","prio101 bytes_s DGRAM (1 item == 60000 B), 20P_1C",prio101,DGRAM,False,60000,Impl4_BitmapScanner,60000,8228777.9071727125,7960626.626699969,8486113.670236073,Bytes,12000000000.0,,1458296740460.0938,1358.1446748786548,
target/criterion,"dual_priority bytes_s STREAM (1 item == 1472 B), 20P_1C/Impl1_MutexBinaryHeap/1472","dual_priority bytes_s STREAM (1 item == 1472 B), 20P_1C",dual_priority,STREAM,False,1472,Impl1_MutexBinaryHeap,1472,69468622.41875,68703781.37468751,70190810.39796875,Bytes,294400000.0,,4237884526.1301694,3.9468375277986465,
target/criterion,"dual_priority bytes_s STREAM (1 item == 1472 B), 20P_1C/Impl2_DualSegQueue/1472","dual_priority bytes_s STREAM (1 item == 1472 B), 20P_1C",dual_priority,STREAM,False,1472,Impl2_DualSegQueue,1472,16681780.339788431,16596274.867501285,16768314.581315054,Bytes,294400000.0,,17647996437.035797,16.43597747854497,
target/criterion,"prio101 payload DGRAM ops_s (real bytes, 1472 B), 20P_1C/Impl3_Skiplist/1472","prio101 payload DGRAM ops_s (real bytes, 1472 B), 20P_1C",prio101,DGRAM,True,1472,Impl3_Skiplist,1472,35352698.99577627,34855953.47720985,35847784.12926489,Elements,45590.0,1289576.2217602343,,,775.4485412541407
target/criterion,"prio101 payload DGRAM ops_s (real bytes, 1472 B), 20P_1C/Impl4_BitmapScanner/1472","prio101 payload DGRAM ops_s (real bytes, 1472 B), 20P_1C",prio101,DGRAM,True,1472,Impl4_BitmapScanner,1472,13803726.942852134,13486870.861704437,14088278.477321222,Elements,45590.0,3302731.225323715,,,302.77970920930323
target/criterion,"prio101 bytes_s DGRAM (1 item == 4096 B), 20P_1C/Impl3_Skiplist/4096","prio101 bytes_s DGRAM (1 item == 4096 B), 20P_1C",prio101,DGRAM,False,4096,Impl3_Skiplist,4096,66693827.43125,65769253.2246875,67832561.35890625,Bytes,819200000.0,,12282995766.654057,11.43943124139128,
target/criterion,"prio101 bytes_s DGRAM (1 item == 4096 B), 20P_1C/Impl4_BitmapScanner/4096","prio101 bytes_s DGRAM (1 item == 4096 B), 20P_1C",prio101,DGRAM,False,4096,Impl4_BitmapScanner,4096,7753093.365466887,7519460.508311208,7995133.702190457,Bytes,819200000.0,,105661051838.84474,98.40452283513243,
target/criterion,"dual_priority payload STREAM bytes_s (real bytes, 64 B), 20P_1C/Impl1_MutexBinaryHeap/64","dual_priority payload STREAM bytes_s (real bytes, 64 B), 20P_1C",dual_priority,STREAM,True,64,Impl1_MutexBinaryHeap,64,497362593.0,481290233.65625,515464886.3125,Bytes,32000000.0,,64339378.253161065,0.05992071540389309,
target/criterion,"dual_priority payload STREAM bytes_s (real bytes, 64 B), 20P_1C/Impl2_DualSegQueue/64","dual_priority payload STREAM bytes_s (real bytes, 64 B), 20P_1C",dual_priority,STREAM,True,64,Impl2_DualSegQueue,64,58103852.098238185,56843486.78621449,59231859.1539111,Bytes,32000000.0,,550738012.1010995,0.5129147433686065,
target/criterion,"dual_priority payload STREAM ops_s (real bytes, 16384 B), 20P_1C/Impl1_MutexBinaryHeap/16384","dual_priority payload STREAM ops_s (real bytes, 16384 B), 20P_1C",dual_priority,STREAM,True,16384,Impl1_MutexBinaryHeap,16384,4624908.925899865,4541681.042894879,4717013.56943694,Elements,4096.0,885639.0613579584,,,1129.1281557372718
target/criterion,"dual_priority payload STREAM ops_s (real bytes, 16384 B), 20P_1C/Impl2_DualSegQueue/16384","dual_priority payload STREAM ops_s (real bytes, 16384 B), 20P_1C",dual_priority,STREAM,True,16384,Impl2_DualSegQueue,16384,3079049.483824484,3008114.3243608475,3147787.435819006,Elements,4096.0,1330280.6666531267,,,751.7210653868369
target/criterion,"prio101 ops_s (0..=100), 20P_1C/Impl3_Skiplist/200000","prio101 ops_s (0..=100), 20P_1C",prio101,,False,,Impl3_Skiplist,200000,66998935.56875,66211773.175,68009476.5875,Elements,200000.0,2985122.051599952,,,334.99467784375
target/criterion,"prio101 ops_s (0..=100), 20P_1C/Impl4_BitmapScanner/200000","prio101 ops_s (0..=100), 20P_1C",prio101,,False,,Impl4_BitmapScanner,200000,8395733.360678574,8178350.948032889,8601311.219158672,Elements,200000.0,23821623.60428217,,,41.97866680339287
target/criterion,"prio101 payload STREAM bytes_s (real bytes, 4194304 B), 20P_1C/Impl3_Skiplist/4194304","prio101 payload STREAM bytes_s (real bytes, 4194304 B), 20P_1C",prio101,STREAM,True,4194304,Impl3_Skiplist,4194304,38217008.66445704,35658930.94207052,41332543.44373687,Bytes,1073741824.0,,28095914921.740387,26.166359821092698,
target/criterion,"prio101 payload STREAM bytes_s (real bytes, 4194304 B), 20P_1C/Impl4_BitmapScanner/4194304","prio101 payload STREAM bytes_s (real bytes, 4194304 B), 20P_1C",prio101,STREAM,True,4194304,Impl4_BitmapScanner,4194304,39026051.77504583,36466156.9857855,42277388.363628104,Bytes,1073741824.0,,27513462806.57004,25.62390901760202,
target/criterion,"prio101 bytes_s DGRAM (1 item == 1472 B), 20P_1C/Impl3_Skiplist/1472","prio101 bytes_s DGRAM (1 item == 1472 B), 20P_1C",prio101,DGRAM,False,1472,Impl3_Skiplist,1472,67070242.55,66151166.94953125,68368956.70265624,Bytes,294400000.0,,4389427990.819157,4.087973377498944,
target/criterion,"prio101 bytes_s DGRAM (1 item == 1472 B), 20P_1C/Impl4_BitmapScanner/1472","prio101 bytes_s DGRAM (1 item == 1472 B), 20P_1C",prio101,DGRAM,False,1472,Impl4_BitmapScanner,1472,7709305.7445054855,7520518.098239715,7895317.960956209,Bytes,294400000.0,,38187615040.4104,35.564987957859785,
target/criterion,"dual_priority payload DGRAM ops_s (real bytes, 60000 B), 20P_1C/Impl1_MutexBinaryHeap/60000","dual_priority payload DGRAM ops_s (real bytes, 60000 B), 20P_1C",dual_priority,DGRAM,True,60000,Impl1_MutexBinaryHeap,60000,2857207.885541777,2801304.3826316292,2921187.905200081,Elements,1118.0,391291.09423832054,,,2555.64211586921
target/criterion,"dual_priority payload DGRAM ops_s (real bytes, 60000 B), 20P_1C/Impl2_DualSegQueue/60000","dual_priority payload DGRAM ops_s (real bytes, 60000 B), 20P_1C",dual_priority,DGRAM,True,60000,Impl2_DualSegQueue,60000,2580668.147954185,2505864.674260922,2656802.902309017,Elements,1118.0,433221.14115535945,,,2308.289935558305
target/criterion,"prio101 bytes_s STREAM (1 item == 4194304 B), 20P_1C/Impl3_Skiplist/4194304","prio101 bytes_s STREAM (1 item == 4194304 B), 20P_1C",prio101,STREAM,False,4194304,Impl3_Skiplist,4194304,66834116.4375,65925187.8825,68051962.43718751,Bytes,838860800000.0,,12551386099110.95,11689.389216816937,
target/criterion,"prio101 bytes_s STREAM (1 item == 4194304 B), 20P_1C/Impl4_BitmapScanner/4194304","prio101 bytes_s STREAM (1 item == 4194304 B), 20P_1C",prio101,STREAM,False,4194304,Impl4_BitmapScanner,4194304,7781708.068273614,7605685.389414263,7969736.641315788,Bytes,838860800000.0,,107799058078273.9,100395.69631058155,
target/criterion,"prio101 payload DGRAM ops_s (real bytes, 512 B), 20P_1C/Impl3_Skiplist/512","prio101 payload DGRAM ops_s (real bytes, 512 B), 20P_1C",prio101,DGRAM,True,512,Impl3_Skiplist,512,96487476.28035997,94963628.04466066,97990341.47728577,Elements,131072.0,1358435.3643901837,,,736.1410238674924
target/criterion,"prio101 payload DGRAM ops_s (real bytes, 512 B), 20P_1C/Impl4_BitmapScanner/512","prio101 payload DGRAM ops_s (real bytes, 512 B), 20P_1C",prio101,DGRAM,True,512,Impl4_BitmapScanner,512,32940142.663252246,32104262.228796992,33829606.84691676,Elements,131072.0,3979096.306289616,,,251.3133442936115
target/criterion,"prio101 bytes_s STREAM (1 item == 64 B), 20P_1C/Impl3_Skiplist/64","prio101 bytes_s STREAM (1 item == 64 B), 20P_1C",prio101,STREAM,False,64,Impl3_Skiplist,64,66499548.425,65530325.95078125,68018254.83125,Bytes,12800000.0,,192482510.0795412,0.1792633068557281,
target/criterion,"prio101 bytes_s STREAM (1 item == 64 B), 20P_1C/Impl4_BitmapScanner/64","prio101 bytes_s STREAM (1 item == 64 B), 20P_1C",prio101,STREAM,False,64,Impl4_BitmapScanner,64,7943970.568060328,7706564.474137187,8177481.992622544,Bytes,12800000.0,,1611284922.36161,1.500626022332916,
target/criterion,"prio101 payload STREAM bytes_s (real bytes, 4096 B), 20P_1C/Impl3_Skiplist/4096","prio101 payload STREAM bytes_s (real bytes, 4096 B), 20P_1C",prio101,STREAM,True,4096,Impl3_Skiplist,4096,14270257.843195831,13959686.095530435,14568647.50850636,Bytes,67108864.0,,4702708580.139498,4.379738662521818,
target/criterion,"prio101 payload STREAM bytes_s (real bytes, 4096 B), 20P_1C/Impl4_BitmapScanner/4096","prio101 payload STREAM bytes_s (real bytes, 4096 B), 20P_1C",prio101,STREAM,True,4096,Impl4_BitmapScanner,4096,6534152.039726641,6385081.206889485,6685523.222903911,Bytes,67108864.0,,10270477881.74937,9.56512790336215,
target/criterion,"dual_priority payload DGRAM (real bytes, 1472 B), 20P_1C/Impl1_MutexBinaryHeap/1472","dual_priority payload DGRAM (real bytes, 1472 B), 20P_1C",dual_priority,DGRAM,True,1472,Impl1_MutexBinaryHeap,1472,45994110.745454706,45326711.363596156,46689898.787198715,Bytes,67108480.0,,1459066800.3431697,1.3588618490315691,
target/criterion,"dual_priority payload DGRAM (real bytes, 1472 B), 20P_1C/Impl2_DualSegQueue/1472","dual_priority payload DGRAM (real bytes, 1472 B), 20P_1C",dual_priority,DGRAM,True,1472,Impl2_DualSegQueue,1472,7663627.234792309,7437849.028495571,7885530.63040324,Bytes,67108480.0,,8756751593.466393,8.155360439295315,
target/criterion,"prio101 bytes_s DGRAM (1 item == 64 B), 20P_1C/Impl3_Skiplist/64","prio101 bytes_s DGRAM (1 item == 64 B), 20P_1C",prio101,DGRAM,False,64,Impl3_Skiplist,64,66693718.18125,65818604.01890625,67817404.0296875,Bytes,12800000.0,,191922123.23826534,0.17874140593993043,
target/criterion,"prio101 bytes_s DGRAM (1 item == 64 B), 20P_1C/Impl4_BitmapScanner/64","prio101 bytes_s DGRAM (1 item == 64 B), 20P_1C",prio101,DGRAM,False,64,Impl4_BitmapScanner,64,8226465.116419387,8031206.077021736,8417828.414978689,Bytes,12800000.0,,1555953841.517202,1.4490949376646447,
target/criterion,"prio101 payload STREAM ops_s (real bytes, 1472 B), 20P_1C/Impl3_Skiplist/1472","prio101 payload STREAM ops_s (real bytes, 1472 B), 20P_1C",prio101,STREAM,True,1472,Impl3_Skiplist,1472,35262678.06351442,34775378.82607884,35717289.28145226,Elements,45590.0,1292868.3385273295,,,773.4739649816719
target/criterion,"prio101 payload STREAM ops_s (real bytes, 1472 B), 20P_1C/Impl4_BitmapScanner/1472","prio101 payload STREAM ops_s (real bytes, 1472 B), 20P_1C",prio101,STREAM,True,1472,Impl4_BitmapScanner,1472,13593678.896624979,13318621.743707538,13869249.853089133,Elements,45590.0,3353764.668615133,,,298.1723820273082
target/criterion,"prio101 payload DGRAM bytes_s (real bytes, 32768 B), 20P_1C/Impl3_Skiplist/32768","prio101 payload DGRAM bytes_s (real bytes, 32768 B), 20P_1C",prio101,DGRAM,True,32768,Impl3_Skiplist,32768,3804806.303274314,3726833.1309277923,3880213.7767796135,Bytes,67108864.0,,17637918635.239834,16.42659179422989,
target/criterion,"prio101 payload DGRAM bytes_s (real bytes, 32768 B), 20P_1C/Impl4_BitmapScanner/32768","prio101 payload DGRAM bytes_s (real bytes, 32768 B), 20P_1C",prio101,DGRAM,True,32768,Impl4_BitmapScanner,32768,3084400.940634233,3018752.504881153,3151016.8000667775,Bytes,67108864.0,,21757503415.298748,20.263254097941097,
target/criterion,"prio101 payload STREAM (real bytes, 64 B), 20P_1C/Impl3_Skiplist/64","prio101 payload STREAM (real bytes, 64 B), 20P_1C",prio101,STREAM,True,64,Impl3_Skiplist,64,354547463.825,346230206.27250004,362663865.496875,Bytes,32000000.0,,90255898.75829653,0.0840573560058107,
target/criterion,"prio101 payload STREAM (real bytes, 64 B), 20P_1C/Impl4_BitmapScanner/64","prio101 payload STREAM (real bytes, 64 B), 20P_1C",prio101,STREAM,True,64,Impl4_BitmapScanner,64,128321898.49999996,122645611.92916666,134276679.02500004,Bytes,32000000.0,,249372869.1210099,0.2322465825090277,
target/criterion,"dual_priority payload DGRAM bytes_s (real bytes, 512 B), 20P_1C/Impl1_MutexBinaryHeap/512","dual_priority payload DGRAM bytes_s (real bytes, 512 B), 20P_1C",dual_priority,DGRAM,True,512,Impl1_MutexBinaryHeap,512,127071546.23000005,122808025.98474997,132193212.42000003,Bytes,67108864.0,,528118733.0366836,0.49184889815438876,
target/criterion,"dual_priority payload DGRAM bytes_s (real bytes, 512 B), 20P_1C/Impl2_DualSegQueue/512","dual_priority payload DGRAM bytes_s (real bytes, 512 B), 20P_1C",dual_priority,DGRAM,True,512,Impl2_DualSegQueue,512,16551204.085018333,16249002.283401908,16838171.75179317,Bytes,67108864.0,,4054621262.3131742,3.776160313108167,
target/criterion,"dual_priority payload DGRAM (real bytes, 32768 B), 20P_1C/Impl1_MutexBinaryHeap/32768","dual_priority payload DGRAM (real bytes, 32768 B), 20P_1C",dual_priority,DGRAM,True,32768,Impl1_MutexBinaryHeap,32768,3413254.4637939753,3333828.3001065347,3486117.197385754,Bytes,67108864.0,,19661254299.043877,18.31096997395519,
target/criterion,"dual_priority payload DGRAM (real bytes, 32768 B), 20P_1C/Impl2_DualSegQueue/32768","dual_priority payload DGRAM (real bytes, 32768 B), 20P_1C",dual_priority,DGRAM,True,32768,Impl2_DualSegQueue,32768,2676390.203534476,2605124.529566684,2753106.6498403205,Bytes,67108864.0,,25074394574.967117,23.352349712482763,
target/criterion,"dual_priority payload STREAM (real bytes, 4096 B), 20P_1C/Impl1_MutexBinaryHeap/4096","dual_priority payload STREAM (real bytes, 4096 B), 20P_1C",dual_priority,STREAM,True,4096,Impl1_MutexBinaryHeap,4096,15934715.837789604,15675942.719773859,16212579.476629997,Bytes,67108864.0,,4211487966.471893,3.9222538158967093,
target/criterion,"dual_priority payload STREAM (real bytes, 4096 B), 20P_1C/Impl2_DualSegQueue/4096","dual_priority payload STREAM (real bytes, 4096 B), 20P_1C",dual_priority,STREAM,True,4096,Impl2_DualSegQueue,4096,4453470.471117983,4295200.924070966,4614040.249828125,Bytes,67108864.0,,15068891650.954012,14.033998968968179,
target/criterion,"dual_priority payload STREAM bytes_s (real bytes, 4096 B), 20P_1/Impl1_MutexBinaryHeap/4096","dual_priority payload STREAM bytes_s (real bytes, 4096 B), 20P_1",dual_priority,STREAM,True,4096,Impl1_MutexBinaryHeap,4096,15564049.352335796,15296900.666580766,15814969.191035097,Bytes,67108864.0,,4311786893.038125,4.0156644704175415,
target/criterion,"dual_priority payload STREAM bytes_s (real bytes, 4096 B), 20P_1/Impl2_DualSegQueue/4096","dual_priority payload STREAM bytes_s (real bytes, 4096 B), 20P_1",dual_priority,STREAM,True,4096,Impl2_DualSegQueue,4096,4050429.6603114447,3919994.4587267926,4182780.04740248,Bytes,67108864.0,,16568332159.319582,15.430461763701944,
target/criterion,"dual_priority bytes_s STREAM (1 item == 16384 B), 20P_1C/Impl1_MutexBinaryHeap/16384","dual_priority bytes_s STREAM (1 item == 16384 B), 20P_1C",dual_priority,STREAM,False,16384,Impl1_MutexBinaryHeap,16384,66096919.175,65232719.329843745,66981524.88968749,Bytes,3276800000.0,,49575684326.8936,46.170953965646774,
target/criterion,"dual_priority bytes_s STREAM (1 item == 16384 B), 20P_1C/Impl2_DualSegQueue/16384","dual_priority bytes_s STREAM (1 item == 16384 B), 20P_1C",dual_priority,STREAM,False,16384,Impl2_DualSegQueue,16384,16535505.649728632,16431642.089696022,16640501.40736571,Bytes,3276800000.0,,198167511137.0892,184.55787667733543,
target/criterion,"prio101 payload DGRAM ops_s (real bytes, 32768 B), 20P_1C/Impl3_Skiplist/32768","prio101 payload DGRAM ops_s (real bytes, 32768 B), 20P_1C",prio101,DGRAM,True,32768,Impl3_Skiplist,32768,3835890.531851294,3767630.265749234,3903573.131903199,Elements,2048.0,533904.7042647449,,,1872.9934237555146
target/criterion,"prio101 payload DGRAM ops_s (real bytes, 32768 B), 20P_1C/Impl4_BitmapScanner/32768","prio101 payload DGRAM ops_s (real bytes, 32768 B), 20P_1C",prio101,DGRAM,True,32768,Impl4_BitmapScanner,32768,3073059.150485804,2975464.7504019844,3165575.5947661214,Elements,2048.0,666436.8955202969,,,1500.5171633231464
target/criterion,"dual_priority payload STREAM ops_s (real bytes, 1472 B), 20P_1C/Impl1_MutexBinaryHeap/1472","dual_priority payload STREAM ops_s (real bytes, 1472 B), 20P_1C",dual_priority,STREAM,True,1472,Impl1_MutexBinaryHeap,1472,45330463.82049336,44336493.014325514,46317850.81831149,Elements,45590.0,1005725.4251916413,,,994.3071686881633
target/criterion,"dual_priority payload STREAM ops_s (real bytes, 1472 B), 20P_1C/Impl2_DualSegQueue/1472","dual_priority payload STREAM ops_s (real bytes, 1472 B), 20P_1C",dual_priority,STREAM,True,1472,Impl2_DualSegQueue,1472,7308298.901782751,7060852.891129343,7554474.667797315,Elements,45590.0,6238113.768017752,,,160.3048673345635
target/criterion,"prio101 payload DGRAM ops_s (real bytes, 4096 B), 20P_1C/Impl3_Skiplist/4096","prio101 payload DGRAM ops_s (real bytes, 4096 B), 20P_1C",prio101,DGRAM,True,4096,Impl3_Skiplist,4096,14228015.846234906,13974544.841389665,14451319.178014686,Elements,16384.0,1151530.9075464392,,,868.4091703024235
target/criterion,"prio101 payload DGRAM ops_s (real bytes, 4096 B), 20P_1C/Impl4_BitmapScanner/4096","prio101 payload DGRAM ops_s (real bytes, 4096 B), 20P_1C",prio101,DGRAM,True,4096,Impl4_BitmapScanner,4096,6557610.475793607,6360644.875713122,6734300.967931586,Elements,16384.0,2498471.0605301997,,,400.2447800166996
target/criterion,"dual_priority payload DGRAM ops_s (real bytes, 64 B), 20P_1C/Impl1_MutexBinaryHeap/64","dual_priority payload DGRAM ops_s (real bytes, 64 B), 20P_1C",dual_priority,DGRAM,True,64,Impl1_MutexBinaryHeap,64,478914669.225,470117920.739375,488150770.32125,Elements,500000.0,1044027.3228822185,,,957.82933845
target/criterion,"dual_priority payload DGRAM ops_s (real bytes, 64 B), 20P_1C/Impl2_DualSegQueue/64","dual_priority payload DGRAM ops_s (real bytes, 64 B), 20P_1C",dual_priority,DGRAM,True,64,Impl2_DualSegQueue,64,57014201.00363443,56267473.33223694,57761999.89823812,Elements,500000.0,8769744.926674092,,,114.02840200726887
target/criterion,"dual_priority payload DGRAM bytes_s (real bytes, 4096 B), 20P_1C/Impl1_MutexBinaryHeap/4096","dual_priority payload DGRAM bytes_s (real bytes, 4096 B), 20P_1C",dual_priority,DGRAM,True,4096,Impl1_MutexBinaryHeap,4096,15635682.268362382,15388489.718216507,15902956.061644856,Bytes,67108864.0,,4292032982.5190744,3.9972672076142155,
target/criterion,"dual_priority payload DGRAM bytes_s (real bytes, 4096 B), 20P_1C/Impl2_DualSegQueue/4096","dual_priority payload DGRAM bytes_s (real bytes, 4096 B), 20P_1C",dual_priority,DGRAM,True,4096,Impl2_DualSegQueue,4096,4338884.541510844,4219105.828821152,4452300.077519696,Bytes,67108864.0,,15466847148.837017,14.404623907838964,
target/criterion,"dual_priority payload STREAM (real bytes, 64 B), 20P_1C/Impl1_MutexBinaryHeap/64","dual_priority payload STREAM (real bytes, 64 B), 20P_1C",dual_priority,STREAM,True,64,Impl1_MutexBinaryHeap,64,493541463.6,485107971.96375,503881691.65,Bytes,32000000.0,,64837510.84779172,0.0603846375344244,
target/criterion,"dual_priority payload STREAM (real bytes, 64 B), 20P_1C/Impl2_DualSegQueue/64","dual_priority payload STREAM (real bytes, 64 B), 20P_1C",dual_priority,STREAM,True,64,Impl2_DualSegQueue,64,57227541.843086675,56269927.755260214,58177474.80968855,Bytes,32000000.0,,559171318.0297247,0.5207688715585738,
target/criterion,"dual_priority payload DGRAM ops_s (real bytes, 512 B), 20P_1C/Impl1_MutexBinaryHeap/512","dual_priority payload DGRAM ops_s (real bytes, 512 B), 20P_1C",dual_priority,DGRAM,True,512,Impl1_MutexBinaryHeap,512,124647731.41,122563921.4955,126784406.80475001,Elements,131072.0,1051539.3943983533,,,950.9867203521728
target/criterion,"dual_priority payload DGRAM ops_s (real bytes, 512 B), 20P_1C/Impl2_DualSegQueue/512","dual_priority payload DGRAM ops_s (real bytes, 512 B), 20P_1C",dual_priority,DGRAM,True,512,Impl2_DualSegQueue,512,16242172.741560597,15738244.82428097,16696121.71065173,Elements,131072.0,8069856.298511834,,,123.91794389008024
target/criterion,"prio101 (0..=100), 20P_1C/Impl3_Skiplist/200000","prio101 (0..=100), 20P_1C",prio101,,False,,Impl3_Skiplist,200000,67163080.17,66226289.03,68755041.17,Elements,200000.0,2977826.500716904,,,335.81540085
target/criterion,"prio101 (0..=100), 20P_1C/Impl4_BitmapScanner/200000","prio101 (0..=100), 20P_1C",prio101,,False,,Impl4_BitmapScanner,200000,7245764.735714287,7127901.275714287,7371194.401964286,Elements,200000.0,27602331.4715426,,,36.22882367857143
target/criterion,"prio101 payload DGRAM ops_s (real bytes, 64 B), 20P_1C/Impl3_Skiplist/64","prio101 payload DGRAM ops_s (real bytes, 64 B), 20P_1C",prio101,DGRAM,True,64,Impl3_Skiplist,64,366694883.25,361484215.215,371521114.613125,Elements,500000.0,1363531.4340045403,,,733.3897665
target/criterion,"prio101 payload DGRAM ops_s (real bytes, 64 B), 20P_1C/Impl4_BitmapScanner/64","prio101 payload DGRAM ops_s (real bytes, 64 B), 20P_1C",prio101,DGRAM,True,64,Impl4_BitmapScanner,64,120361937.86666664,118022880.89104164,122657516.000625,Elements,500000.0,4154137.1704557054,,,240.7238757333333
target/criterion,"prio101 payload STREAM ops_s (real bytes, 16384 B), 20P_1C/Impl3_Skiplist/16384","prio101 payload STREAM ops_s (real bytes, 16384 B), 20P_1C",prio101,STREAM,True,16384,Impl3_Skiplist,16384,5173489.289636951,5075434.077339771,5267823.2631278075,Elements,4096.0,791728.709713331,,,1263.0589086027712
target/criterion,"prio101 payload STREAM ops_s (real bytes, 16384 B), 20P_1C/Impl4_BitmapScanner/16384","prio101 payload STREAM ops_s (real bytes, 16384 B), 20P_1C",prio101,STREAM,True,16384,Impl4_BitmapScanner,16384,3650549.965596956,3557809.055677892,3732299.5514293197,Elements,4096.0,1122022.7194808994,,,891.2475501945694
target/criterion,"dual_priority payload STREAM (real bytes, 1472 B), 20P_1C/Impl1_MutexBinaryHeap/1472","dual_priority payload STREAM (real bytes, 1472 B), 20P_1C",dual_priority,STREAM,True,1472,Impl1_MutexBinaryHeap,1472,45847526.236823164,44820126.80768363,46885854.352214694,Bytes,67108480.0,,1463731754.104996,1.3632064257794954,
target/criterion,"dual_priority payload STREAM (real bytes, 1472 B), 20P_1C/Impl2_DualSegQueue/1472","dual_priority payload STREAM (real bytes, 1472 B), 20P_1C",dual_priority,STREAM,True,1472,Impl2_DualSegQueue,1472,7336842.090526248,7112222.475838224,7559690.733783002,Bytes,67108480.0,,9146779932.28917,8.518602635980741,
target/criterion,"prio101 payload DGRAM bytes_s (real bytes, 4096 B), 20P_1C/Impl3_Skiplist/4096","prio101 payload DGRAM bytes_s (real bytes, 4096 B), 20P_1C",prio101,DGRAM,True,4096,Impl3_Skiplist,4096,14025884.193395201,13669993.06644452,14363218.033386625,Bytes,67108864.0,,4784644096.206185,4.456047058297494,
target/criterion,"prio101 payload DGRAM bytes_s (real bytes, 4096 B), 20P_1C/Impl4_BitmapScanner/4096","prio101 payload DGRAM bytes_s (real bytes, 4096 B), 20P_1C",prio101,DGRAM,True,4096,Impl4_BitmapScanner,4096,6608864.154305324,6473682.440499517,6746284.021817784,Bytes,67108864.0,,10154371830.488018,9.45699571677299,
target/criterion,"dual_priority payload STREAM (real bytes, 65536 B), 20P_1C/Impl1_MutexBinaryHeap/65536","dual_priority payload STREAM (real bytes, 65536 B), 20P_1C",dual_priority,STREAM,True,65536,Impl1_MutexBinaryHeap,65536,2849466.7643515724,2794561.468925603,2908013.2186001996,Bytes,67108864.0,,23551376292.42409,21.933928404398348,
target/criterion,"dual_priority payload STREAM (real bytes, 65536 B), 20P_1C/Impl2_DualSegQueue/65536","dual_priority payload STREAM (real bytes, 65536 B), 20P_1C",dual_priority,STREAM,True,65536,Impl2_DualSegQueue,65536,2489553.859567839,2436565.3916554865,2541958.060600212,Bytes,67108864.0,,26956180820.144783,25.10489972321762,
target/criterion,"prio101 payload DGRAM bytes_s (real bytes, 60000 B), 20P_1C/Impl3_Skiplist/60000","prio101 payload DGRAM bytes_s (real bytes, 60000 B), 20P_1C",prio101,DGRAM,True,60000,Impl3_Skiplist,60000,3210823.5013590036,3118011.433947072,3287104.5768554877,Bytes,67080000.0,,20891836618.11617,19.457039067629882,
target/criterion,"prio101 payload DGRAM bytes_s (real bytes, 60000 B), 20P_1C/Impl4_BitmapScanner/60000","prio101 payload DGRAM bytes_s (real bytes, 60000 B), 20P_1C",prio101,DGRAM,True,60000,Impl4_BitmapScanner,60000,2713469.814974121,2608981.541075697,2809853.2799555683,Bytes,67080000.0,,24721115241.38689,23.023332693974385,
target/criterion,"prio101 payload STREAM ops_s (real bytes, 1048576 B), 20P_1C/Impl3_Skiplist/1048576","prio101 payload STREAM ops_s (real bytes, 1048576 B), 20P_1C",prio101,STREAM,True,1048576,Impl3_Skiplist,1048576,10043360.45721573,9567803.397442328,10598799.723134883,Elements,256.0,25489.476464630403,,,39231.876785998946
target/criterion,"prio101 payload STREAM ops_s (real bytes, 1048576 B), 20P_1C/Impl4_BitmapScanner/1048576","prio101 payload STREAM ops_s (real bytes, 1048576 B), 20P_1C",prio101,STREAM,True,1048576,Impl4_BitmapScanner,1048576,9707666.903412726,9263808.33192898,10194259.888468428,Elements,256.0,26370.908947236676,,,37920.57384145596
target/criterion,"prio101 bytes_s STREAM (1 item == 512 B), 20P_1C/Impl3_Skiplist/512","prio101 bytes_s STREAM (1 item == 512 B), 20P_1C",prio101,STREAM,False,512,Impl3_Skiplist,512,67193855.35,66177423.84671875,68673116.54046874,Bytes,102400000.0,,1523948871.0183082,1.4192879861391225,
target/criterion,"prio101 bytes_s STREAM (1 item == 512 B), 20P_1C/Impl4_BitmapScanner/512","prio101 bytes_s STREAM (1 item == 512 B), 20P_1C",prio101,STREAM,False,512,Impl4_BitmapScanner,512,8148748.6137587745,7941300.214432908,8350485.235193704,Bytes,102400000.0,,12566346669.119535,11.703322333395048,
target/criterion,"dual_priority payload DGRAM ops_s (real bytes, 4096 B), 20P_1C/Impl1_MutexBinaryHeap/4096","dual_priority payload DGRAM ops_s (real bytes, 4096 B), 20P_1C",dual_priority,DGRAM,True,4096,Impl1_MutexBinaryHeap,4096,16276800.55489473,15946604.777341546,16603735.444963269,Elements,16384.0,1006586.0268265702,,,993.4570651180866
target/criterion,"dual_priority payload DGRAM ops_s (real bytes, 4096 B), 20P_1C/Impl2_DualSegQueue/4096","dual_priority payload DGRAM ops_s (real bytes, 4096 B), 20P_1C",dual_priority,DGRAM,True,4096,Impl2_DualSegQueue,4096,4202606.661092209,4065421.773048407,4325424.81395875,Elements,16384.0,3898532.8205190604,,,256.50675421705375
